{"stat.chestOpened":1,"stat.walkOneCm":64730,"stat.useItem.minecraft.torch":12,"stat.useItem.minecraft.stone":3,"stat.leaveGame":2,"stat.pickup.minecraft.crafting_table":3,"stat.useItem.minecraft.cobblestone":2,"stat.craftItem.minecraft.crafting_table":1,"stat.mineBlock.minecraft.coal_ore":75,"stat.breakItem.minecraft.stone_pickaxe":1,"stat.jump":173,"stat.swimOneCm":19031,"stat.pickup.minecraft.coal":74,"stat.fallOneCm":3450,"stat.pickup.minecraft.stone":22,"stat.craftItem.minecraft.torch":26,"stat.pickup.minecraft.dirt":8,"stat.useItem.minecraft.cooked_chicken":4,"stat.craftItem.minecraft.stick":6,"stat.craftingTableInteraction":4,"stat.pickup.minecraft.iron_ore":20,"stat.pickup.minecraft.sand":1,"stat.mineBlock.minecraft.crafting_table":3,"stat.damageTaken":360,"stat.craftItem.minecraft.stone_pickaxe":2,"stat.mineBlock.minecraft.torch":2,"stat.useItem.minecraft.wooden_pickaxe":36,"stat.mobKills":4,"stat.pickup.minecraft.cobblestone":44,"stat.craftItem.minecraft.wooden_sword":1,"stat.craftItem.minecraft.stone_sword":1,"stat.flyOneCm":26588,"stat.mineBlock.minecraft.sand":1,"stat.playOneMinute":26069,"stat.useItem.minecraft.wooden_sword":13,"stat.pickup.minecraft.torch":1,"stat.killEntity.Sheep":1,"stat.useItem.minecraft.stone_pickaxe":136,"stat.useItem.minecraft.stone_sword":17,"stat.sneakTime":94,"stat.pickup.minecraft.wool":1,"stat.damageDealt":649,"stat.mineBlock.minecraft.iron_ore":20,"stat.killEntity.Zombie":3,"stat.timeSinceDeath":26069,"stat.useItem.minecraft.crafting_table":3,"stat.mineBlock.minecraft.dirt":8,"stat.mineBlock.minecraft.stone":65,"stat.pickup.minecraft.mutton":1,"stat.diveOneCm":9335}