{"stat.drop.minecraft.stone_pickaxe":2,"stat.useItem.minecraft.bow":1,"stat.pickup.minecraft.bone":5,"stat.leaveGame":3,"stat.mineBlock.minecraft.cobblestone":17,"stat.pickup.minecraft.stone_pickaxe":1,"stat.pickup.minecraft.flint":2,"stat.craftItem.minecraft.iron_axe":1,"stat.mineBlock.minecraft.brown_mushroom":1,"stat.useItem.minecraft.diamond_sword":237,"stat.swimOneCm":24707,"stat.useItem.minecraft.planks":466,"stat.climbOneCm":5140,"stat.mineBlock.minecraft.web":27,"stat.drop.minecraft.cobblestone":18,"stat.pickup.minecraft.porkchop":15,"stat.pickup.minecraft.glass":1,"stat.enderchestOpened":14,"stat.breakItem.minecraft.iron_pickaxe":3,"stat.useItem.minecraft.redstone_torch":1,"stat.useItem.minecraft.dirt":189,"stat.pickup.minecraft.bow":3,"stat.pickup.minecraft.rotten_flesh":25,"stat.craftItem.minecraft.furnace":2,"stat.craftItem.minecraft.lapis_block":2,"stat.craftItem.minecraft.iron_boots":1,"stat.pickup.minecraft.anvil":1,"stat.craftItem.minecraft.stone_pickaxe":5,"stat.craftItem.minecraft.cooked_beef":17,"stat.mineBlock.minecraft.obsidian":3,"stat.pickup.minecraft.cobblestone":440,"stat.craftItem.minecraft.stone_sword":1,"stat.useItem.minecraft.brick_block":357,"stat.useItem.minecraft.anvil":1,"stat.flyOneCm":620250,"stat.drop.minecraft.wheat_seeds":6,"stat.craftItem.minecraft.cooked_fish":1,"stat.pickup.minecraft.redstone":40,"stat.mineBlock.minecraft.iron_ore":341,"stat.timeSinceDeath":387457,"stat.drop.minecraft.log":45,"stat.useItem.minecraft.iron_pickaxe":862,"stat.craftItem.minecraft.wooden_pickaxe":5,"stat.useItem.minecraft.wooden_slab":3,"stat.pickup.minecraft.mutton":42,"stat.drop.minecraft.name_tag":1,"stat.craftItem.minecraft.iron_block":3,"stat.killEntity.Bat":1,"stat.trappedChestTriggered":1,"stat.pickup.minecraft.wooden_axe":1,"stat.useItem.minecraft.oak_stairs":3,"stat.furnaceInteraction":78,"stat.mineBlock.minecraft.rail":11,"stat.useItem.minecraft.cooked_porkchop":10,"stat.useItem.minecraft.acacia_stairs":5,"stat.mineBlock.minecraft.coal_ore":715,"stat.drop.minecraft.wool":1,"stat.killEntity.Creeper":2,"stat.talkedToVillager":8,"stat.pickup.minecraft.string":2,"stat.drop.minecraft.log2":1,"stat.pickup.minecraft.beef":17,"stat.pickup.minecraft.furnace":2,"stat.sprintOneCm":6656,"stat.useItem.minecraft.diamond_block":93,"stat.craftItem.minecraft.wooden_axe":1,"stat.craftItem.minecraft.stick":160,"stat.useItem.minecraft.bed":2,"stat.craftItem.minecraft.stone":29,"stat.mineBlock.minecraft.fence":5,"stat.mineBlock.minecraft.crafting_table":6,"stat.useItem.minecraft.diamond_pickaxe":3,"stat.drop":45,"stat.pickup.minecraft.egg":1,"stat.playOneMinute":387457,"stat.useItem.minecraft.wooden_sword":74,"stat.pickup.minecraft.stone_button":2,"stat.drop.minecraft.string":1,"stat.killEntity.Sheep":1,"stat.useItem.minecraft.ladder":21,"stat.craftItem.minecraft.iron_pickaxe":8,"stat.craftItem.minecraft.emerald":2,"stat.killEntity.Zombie":27,"stat.useItem.minecraft.birch_stairs":12,"stat.drop.minecraft.bread":3,"stat.drop.minecraft.torch":1,"stat.mineBlock.minecraft.gold_ore":5,"stat.mineBlock.minecraft.tallgrass":47,"stat.craftItem.minecraft.cooked_mutton":40,"stat.diveOneCm":1677,"stat.pickup.minecraft.cooked_mutton":24,"stat.chestOpened":4,"stat.useItem.minecraft.stone":28,"stat.drop.minecraft.wooden_pickaxe":3,"stat.pickup.minecraft.gravel":13,"stat.pickup.minecraft.arrow":8,"stat.craftItem.minecraft.cooked_porkchop":15,"stat.drop.minecraft.ladder":1,"stat.mineBlock.minecraft.anvil":1,"stat.useItem.minecraft.apple":3,"stat.useItem.minecraft.ender_chest":8,"stat.breakItem.minecraft.wooden_axe":1,"stat.drop.minecraft.iron_pickaxe":1,"stat.jump":2323,"stat.pickup.minecraft.coal":804,"stat.fallOneCm":19010,"stat.drop.minecraft.stone":9,"stat.useItem.minecraft.trapped_chest":2,"stat.drop.minecraft.stone_sword":1,"stat.drop.minecraft.wooden_sword":1,"stat.pickup.minecraft.gunpowder":2,"stat.crouchOneCm":120,"stat.pickup.minecraft.rail":11,"stat.pickup.minecraft.spider_eye":1,"stat.craftItem.minecraft.torch":322,"stat.craftItem.minecraft.iron_ingot":271,"stat.craftItem.minecraft.chest":1,"stat.craftItem.minecraft.iron_helmet":1,"stat.useItem.minecraft.stone_button":7,"stat.pickup.minecraft.dirt":13,"stat.drop.minecraft.glass":1,"stat.useItem.minecraft.cooked_chicken":15,"stat.craftingTableInteraction":42,"stat.pickup.minecraft.iron_ore":336,"stat.useItem.minecraft.glass":145,"stat.pickup.minecraft.gold_ore":5,"stat.mineBlock.minecraft.lapis_ore":4,"stat.pickup.minecraft.wooden_pickaxe":1,"stat.pickup.minecraft.feather":6,"stat.damageTaken":2200,"stat.pickup.minecraft.leather":8,"stat.drop.minecraft.bone":5,"stat.mineBlock.minecraft.torch":20,"stat.mineBlock.minecraft.furnace":2,"stat.useItem.minecraft.wooden_pickaxe":157,"stat.useItem.minecraft.furnace":13,"stat.drop.minecraft.stone_button":1,"stat.tradedWithVillager":2,"stat.craftItem.minecraft.wooden_sword":2,"stat.pickup.minecraft.dye":26,"stat.killEntity.Llama":2,"stat.killEntity.CaveSpider":5,"stat.pickup.minecraft.wheat_seeds":8,"stat.mineBlock.minecraft.gravel":15,"stat.useItem.minecraft.stone_pickaxe":620,"stat.craftItem.minecraft.iron_leggings":1,"stat.damageDealt":12032,"stat.craftItem.minecraft.anvil":1,"stat.killEntity.Cow":9,"stat.useItem.minecraft.crafting_table":8,"stat.mineBlock.minecraft.dirt":9,"stat.killEntity.Pig":7,"stat.craftItem.minecraft.iron_sword":3,"stat.drop.minecraft.iron_axe":1,"stat.walkOneCm":1289007,"stat.useItem.minecraft.torch":364,"stat.useItem.minecraft.chest":1,"stat.pickup.minecraft.crafting_table":7,"stat.useItem.minecraft.log":80,"stat.useItem.minecraft.cobblestone":98,"stat.craftItem.minecraft.crafting_table":4,"stat.mineBlock.minecraft.trapped_chest":1,"stat.mineBlock.minecraft.double_plant":1,"stat.breakItem.minecraft.stone_pickaxe":4,"stat.drop.minecraft.birch_stairs":1,"stat.pickup.minecraft.log":119,"stat.useItem.minecraft.cooked_fish":1,"stat.pickup.minecraft.iron_pickaxe":1,"stat.craftItem.minecraft.gold_ingot":1,"stat.pickup.minecraft.stone":53,"stat.craftItem.minecraft.iron_chestplate":1,"stat.pickup.minecraft.chicken":4,"stat.killEntity.Skeleton":13,"stat.drop.minecraft.bow":4,"stat.craftItem.minecraft.planks":292,"stat.useItem.minecraft.iron_sword":118,"stat.killEntity.Chicken":4,"stat.killEntity.Spider":4,"stat.mobKills":75,"stat.mineBlock.minecraft.log":78,"stat.craftItem.minecraft.cooked_chicken":68,"stat.useItem.minecraft.wooden_door":4,"stat.mineBlock.minecraft.leaves":18,"stat.pickup.minecraft.torch":43,"stat.mineBlock.minecraft.redstone_ore":9,"stat.sneakTime":1783,"stat.pickup.minecraft.wool":1,"stat.craftItem.minecraft.coal_block":65,"stat.drop.minecraft.arrow":3,"stat.pickup.minecraft.cooked_fish":1,"stat.useItem.minecraft.wooden_axe":73,"stat.mineBlock.minecraft.stone":474,"stat.pickup.minecraft.trapped_chest":1,"stat.drop.minecraft.wooden_axe":1,"stat.breakItem.minecraft.wooden_pickaxe":1}